<?xml version='1.0' encoding='utf-8'?>
<geogebra format='3.2'>
    <gui>
        <show algebraView='true' spreadsheetView='false' auxiliaryObjects='true' algebraInput='true' cmdList='true'/>
        <splitDivider loc='822' locVertical='400' loc2='221' locVertical2='300' horizontal='true'/>
        <labelingStyle  val='3'/>
        <font  size='12'/>
    </gui>
    <euclidianView>
        <size  width='691' height='707'/>
        <coordSystem xZero='49.20558651917091' yZero='641.537966311083' scale='597.2884022128751' yscale='597.2884022128751'/>
        <evSettings axes='true' grid='true' gridIsBold='false' pointCapturing='0' pointStyle='0' rightAngleStyle='1' checkboxSize='13' gridType='0'/>
        <bgColor r='255' g='255' b='255'/>
        <axesColor r='0' g='0' b='0'/>
        <gridColor r='192' g='192' b='192'/>
        <lineStyle axes='1' grid='10'/>
        <axis id='0' show='true' label='x' unitLabel='' tickStyle='0' showNumbers='true'/>
        <axis id='1' show='true' label='y' unitLabel='' tickStyle='0' showNumbers='true'/>
    </euclidianView>
    <kernel>
        <continuous val='true'/>
        <decimals val='10'/>
        <angleUnit val='degree'/>
        <coordStyle val='0'/>
    </kernel>
    <construction title='' author='Rafal Kluszczynski' date=''>
<element type='point' label='P1'>
    <show object='true' label='true'/>
    <objColor r='0' g='0' b='255' alpha='0.0'/>
    <layer val='0'/>
    <labelMode val='0'/>
    <animation step='0.1' speed='1' type='0' playing='false'/>
    <coords x='0.387185' y='0.000000' z='1.0'/>
    <pointSize val='3'/>
</element>
<element type='point' label='P2'>
    <show object='true' label='true'/>
    <objColor r='0' g='0' b='255' alpha='0.0'/>
    <layer val='0'/>
    <labelMode val='0'/>
    <animation step='0.1' speed='1' type='0' playing='false'/>
    <coords x='0.232823' y='0.000000' z='1.0'/>
    <pointSize val='3'/>
</element>
<element type='point' label='P3'>
    <show object='true' label='true'/>
    <objColor r='0' g='0' b='255' alpha='0.0'/>
    <layer val='0'/>
    <labelMode val='0'/>
    <animation step='0.1' speed='1' type='0' playing='false'/>
    <coords x='0.247030' y='0.079722' z='1.0'/>
    <pointSize val='3'/>
</element>
<element type='point' label='P4'>
    <show object='true' label='true'/>
    <objColor r='0' g='0' b='255' alpha='0.0'/>
    <layer val='0'/>
    <labelMode val='0'/>
    <animation step='0.1' speed='1' type='0' playing='false'/>
    <coords x='0.000000' y='0.500175' z='1.0'/>
    <pointSize val='3'/>
</element>
<element type='point' label='P5'>
    <show object='true' label='true'/>
    <objColor r='0' g='0' b='255' alpha='0.0'/>
    <layer val='0'/>
    <labelMode val='0'/>
    <animation step='0.1' speed='1' type='0' playing='false'/>
    <coords x='1.000000' y='0.890764' z='1.0'/>
    <pointSize val='3'/>
</element>
<element type='point' label='P6'>
    <show object='true' label='true'/>
    <objColor r='0' g='0' b='255' alpha='0.0'/>
    <layer val='0'/>
    <labelMode val='0'/>
    <animation step='0.1' speed='1' type='0' playing='false'/>
    <coords x='0.822323' y='0.908797' z='1.0'/>
    <pointSize val='3'/>
</element>
<element type='point' label='P7'>
    <show object='true' label='true'/>
    <objColor r='0' g='0' b='255' alpha='0.0'/>
    <layer val='0'/>
    <labelMode val='0'/>
    <animation step='0.1' speed='1' type='0' playing='false'/>
    <coords x='0.804745' y='1.000000' z='1.0'/>
    <pointSize val='3'/>
</element>
<element type='point' label='P8'>
    <show object='true' label='true'/>
    <objColor r='0' g='0' b='255' alpha='0.0'/>
    <layer val='0'/>
    <labelMode val='0'/>
    <animation step='0.1' speed='1' type='0' playing='false'/>
    <coords x='0.495951' y='1.000000' z='1.0'/>
    <pointSize val='3'/>
</element>
<command name='Segment'>
    <input a0='P3' a1='P1'/>
    <output a0='p3p1'/>
</command>
<command name='Segment'>
    <input a0='P2' a1='P3'/>
    <output a0='p2p3'/>
</command>
<command name='Segment'>
    <input a0='P6' a1='P5'/>
    <output a0='p6p5'/>
</command>
<command name='Segment'>
    <input a0='P7' a1='P6'/>
    <output a0='p7p6'/>
</command>
<command name='Segment'>
    <input a0='P4' a1='P8'/>
    <output a0='p4p8'/>
</command>
    </construction>
</geogebra>
