<?xml version='1.0' encoding='utf-8'?>
<geogebra format='3.2'>
    <gui>
        <show algebraView='true' spreadsheetView='false' auxiliaryObjects='true' algebraInput='true' cmdList='true'/>
        <splitDivider loc='822' locVertical='400' loc2='221' locVertical2='300' horizontal='true'/>
        <labelingStyle  val='3'/>
        <font  size='12'/>
    </gui>
    <euclidianView>
        <size  width='691' height='707'/>
        <coordSystem xZero='49.20558651917091' yZero='641.537966311083' scale='597.2884022128751' yscale='597.2884022128751'/>
        <evSettings axes='true' grid='true' gridIsBold='false' pointCapturing='0' pointStyle='0' rightAngleStyle='1' checkboxSize='13' gridType='0'/>
        <bgColor r='255' g='255' b='255'/>
        <axesColor r='0' g='0' b='0'/>
        <gridColor r='192' g='192' b='192'/>
        <lineStyle axes='1' grid='10'/>
        <axis id='0' show='true' label='x' unitLabel='' tickStyle='0' showNumbers='true'/>
        <axis id='1' show='true' label='y' unitLabel='' tickStyle='0' showNumbers='true'/>
    </euclidianView>
    <kernel>
        <continuous val='true'/>
        <decimals val='10'/>
        <angleUnit val='degree'/>
        <coordStyle val='0'/>
    </kernel>
    <construction title='' author='Rafal Kluszczynski' date=''>
<element type='point' label='P1'>
    <show object='true' label='true'/>
    <objColor r='0' g='0' b='255' alpha='0.0'/>
    <layer val='0'/>
    <labelMode val='0'/>
    <animation step='0.1' speed='1' type='0' playing='false'/>
    <coords x='0.500000' y='0.500000' z='1.0'/>
    <pointSize val='3'/>
</element>
<element type='point' label='P2'>
    <show object='true' label='true'/>
    <objColor r='0' g='0' b='255' alpha='0.0'/>
    <layer val='0'/>
    <labelMode val='0'/>
    <animation step='0.1' speed='1' type='0' playing='false'/>
    <coords x='0.572855' y='0.424955' z='1.0'/>
    <pointSize val='3'/>
</element>
<element type='point' label='P3'>
    <show object='true' label='true'/>
    <objColor r='0' g='0' b='255' alpha='0.0'/>
    <layer val='0'/>
    <labelMode val='0'/>
    <animation step='0.1' speed='1' type='0' playing='false'/>
    <coords x='0.370489' y='0.423604' z='1.0'/>
    <pointSize val='3'/>
</element>
<element type='point' label='P4'>
    <show object='true' label='true'/>
    <objColor r='0' g='0' b='255' alpha='0.0'/>
    <layer val='0'/>
    <labelMode val='0'/>
    <animation step='0.1' speed='1' type='0' playing='false'/>
    <coords x='0.000000' y='0.405680' z='1.0'/>
    <pointSize val='3'/>
</element>
<element type='point' label='P5'>
    <show object='true' label='true'/>
    <objColor r='0' g='0' b='255' alpha='0.0'/>
    <layer val='0'/>
    <labelMode val='0'/>
    <animation step='0.1' speed='1' type='0' playing='false'/>
    <coords x='0.323461' y='0.387915' z='1.0'/>
    <pointSize val='3'/>
</element>
<element type='point' label='P6'>
    <show object='true' label='true'/>
    <objColor r='0' g='0' b='255' alpha='0.0'/>
    <layer val='0'/>
    <labelMode val='0'/>
    <animation step='0.1' speed='1' type='0' playing='false'/>
    <coords x='0.691350' y='0.383795' z='1.0'/>
    <pointSize val='3'/>
</element>
<element type='point' label='P7'>
    <show object='true' label='true'/>
    <objColor r='0' g='0' b='255' alpha='0.0'/>
    <layer val='0'/>
    <labelMode val='0'/>
    <animation step='0.1' speed='1' type='0' playing='false'/>
    <coords x='0.696839' y='0.369821' z='1.0'/>
    <pointSize val='3'/>
</element>
<element type='point' label='P8'>
    <show object='true' label='true'/>
    <objColor r='0' g='0' b='255' alpha='0.0'/>
    <layer val='0'/>
    <labelMode val='0'/>
    <animation step='0.1' speed='1' type='0' playing='false'/>
    <coords x='0.260653' y='0.366692' z='1.0'/>
    <pointSize val='3'/>
</element>
<element type='point' label='P9'>
    <show object='true' label='true'/>
    <objColor r='0' g='0' b='255' alpha='0.0'/>
    <layer val='0'/>
    <labelMode val='0'/>
    <animation step='0.1' speed='1' type='0' playing='false'/>
    <coords x='0.037302' y='0.345055' z='1.0'/>
    <pointSize val='3'/>
</element>
<element type='point' label='P10'>
    <show object='true' label='true'/>
    <objColor r='0' g='0' b='255' alpha='0.0'/>
    <layer val='0'/>
    <labelMode val='0'/>
    <animation step='0.1' speed='1' type='0' playing='false'/>
    <coords x='1.000000' y='0.341629' z='1.0'/>
    <pointSize val='3'/>
</element>
<element type='point' label='P11'>
    <show object='true' label='true'/>
    <objColor r='0' g='0' b='255' alpha='0.0'/>
    <layer val='0'/>
    <labelMode val='0'/>
    <animation step='0.1' speed='1' type='0' playing='false'/>
    <coords x='0.675556' y='0.321604' z='1.0'/>
    <pointSize val='3'/>
</element>
<element type='point' label='P12'>
    <show object='true' label='true'/>
    <objColor r='0' g='0' b='255' alpha='0.0'/>
    <layer val='0'/>
    <labelMode val='0'/>
    <animation step='0.1' speed='1' type='0' playing='false'/>
    <coords x='0.036040' y='0.305133' z='1.0'/>
    <pointSize val='3'/>
</element>
<element type='point' label='P13'>
    <show object='true' label='true'/>
    <objColor r='0' g='0' b='255' alpha='0.0'/>
    <layer val='0'/>
    <labelMode val='0'/>
    <animation step='0.1' speed='1' type='0' playing='false'/>
    <coords x='0.618119' y='0.304015' z='1.0'/>
    <pointSize val='3'/>
</element>
<element type='point' label='P14'>
    <show object='true' label='true'/>
    <objColor r='0' g='0' b='255' alpha='0.0'/>
    <layer val='0'/>
    <labelMode val='0'/>
    <animation step='0.1' speed='1' type='0' playing='false'/>
    <coords x='0.607200' y='0.284545' z='1.0'/>
    <pointSize val='3'/>
</element>
<element type='point' label='P15'>
    <show object='true' label='true'/>
    <objColor r='0' g='0' b='255' alpha='0.0'/>
    <layer val='0'/>
    <labelMode val='0'/>
    <animation step='0.1' speed='1' type='0' playing='false'/>
    <coords x='0.592062' y='0.267671' z='1.0'/>
    <pointSize val='3'/>
</element>
<element type='point' label='P16'>
    <show object='true' label='true'/>
    <objColor r='0' g='0' b='255' alpha='0.0'/>
    <layer val='0'/>
    <labelMode val='0'/>
    <animation step='0.1' speed='1' type='0' playing='false'/>
    <coords x='0.552646' y='0.251473' z='1.0'/>
    <pointSize val='3'/>
</element>
<element type='point' label='P17'>
    <show object='true' label='true'/>
    <objColor r='0' g='0' b='255' alpha='0.0'/>
    <layer val='0'/>
    <labelMode val='0'/>
    <animation step='0.1' speed='1' type='0' playing='false'/>
    <coords x='0.456697' y='0.212043' z='1.0'/>
    <pointSize val='3'/>
</element>
<element type='point' label='P18'>
    <show object='true' label='true'/>
    <objColor r='0' g='0' b='255' alpha='0.0'/>
    <layer val='0'/>
    <labelMode val='0'/>
    <animation step='0.1' speed='1' type='0' playing='false'/>
    <coords x='0.258535' y='0.199623' z='1.0'/>
    <pointSize val='3'/>
</element>
<element type='point' label='P19'>
    <show object='true' label='true'/>
    <objColor r='0' g='0' b='255' alpha='0.0'/>
    <layer val='0'/>
    <labelMode val='0'/>
    <animation step='0.1' speed='1' type='0' playing='false'/>
    <coords x='0.917928' y='0.196473' z='1.0'/>
    <pointSize val='3'/>
</element>
<element type='point' label='P20'>
    <show object='true' label='true'/>
    <objColor r='0' g='0' b='255' alpha='0.0'/>
    <layer val='0'/>
    <labelMode val='0'/>
    <animation step='0.1' speed='1' type='0' playing='false'/>
    <coords x='1.000000' y='0.193688' z='1.0'/>
    <pointSize val='3'/>
</element>
<element type='point' label='P21'>
    <show object='true' label='true'/>
    <objColor r='0' g='0' b='255' alpha='0.0'/>
    <layer val='0'/>
    <labelMode val='0'/>
    <animation step='0.1' speed='1' type='0' playing='false'/>
    <coords x='0.000000' y='0.091373' z='1.0'/>
    <pointSize val='3'/>
</element>
<element type='point' label='P22'>
    <show object='true' label='true'/>
    <objColor r='0' g='0' b='255' alpha='0.0'/>
    <layer val='0'/>
    <labelMode val='0'/>
    <animation step='0.1' speed='1' type='0' playing='false'/>
    <coords x='0.596112' y='0.077864' z='1.0'/>
    <pointSize val='3'/>
</element>
<element type='point' label='P23'>
    <show object='true' label='true'/>
    <objColor r='0' g='0' b='255' alpha='0.0'/>
    <layer val='0'/>
    <labelMode val='0'/>
    <animation step='0.1' speed='1' type='0' playing='false'/>
    <coords x='0.000000' y='0.070784' z='1.0'/>
    <pointSize val='3'/>
</element>
<element type='point' label='P24'>
    <show object='true' label='true'/>
    <objColor r='0' g='0' b='255' alpha='0.0'/>
    <layer val='0'/>
    <labelMode val='0'/>
    <animation step='0.1' speed='1' type='0' playing='false'/>
    <coords x='0.236925' y='0.061236' z='1.0'/>
    <pointSize val='3'/>
</element>
<element type='point' label='P25'>
    <show object='true' label='true'/>
    <objColor r='0' g='0' b='255' alpha='0.0'/>
    <layer val='0'/>
    <labelMode val='0'/>
    <animation step='0.1' speed='1' type='0' playing='false'/>
    <coords x='0.064135' y='0.041105' z='1.0'/>
    <pointSize val='3'/>
</element>
<element type='point' label='P26'>
    <show object='true' label='true'/>
    <objColor r='0' g='0' b='255' alpha='0.0'/>
    <layer val='0'/>
    <labelMode val='0'/>
    <animation step='0.1' speed='1' type='0' playing='false'/>
    <coords x='0.781224' y='0.000000' z='1.0'/>
    <pointSize val='3'/>
</element>
<element type='point' label='P27'>
    <show object='true' label='true'/>
    <objColor r='0' g='0' b='255' alpha='0.0'/>
    <layer val='0'/>
    <labelMode val='0'/>
    <animation step='0.1' speed='1' type='0' playing='false'/>
    <coords x='0.587669' y='0.000000' z='1.0'/>
    <pointSize val='3'/>
</element>
<element type='point' label='P28'>
    <show object='true' label='true'/>
    <objColor r='0' g='0' b='255' alpha='0.0'/>
    <layer val='0'/>
    <labelMode val='0'/>
    <animation step='0.1' speed='1' type='0' playing='false'/>
    <coords x='0.939744' y='0.000000' z='1.0'/>
    <pointSize val='3'/>
</element>
<command name='Segment'>
    <input a0='P3' a1='P1'/>
    <output a0='p3p1'/>
</command>
<command name='Segment'>
    <input a0='P16' a1='P2'/>
    <output a0='p16p2'/>
</command>
<command name='Segment'>
    <input a0='P1' a1='P2'/>
    <output a0='p1p2'/>
</command>
<command name='Segment'>
    <input a0='P8' a1='P5'/>
    <output a0='p8p5'/>
</command>
<command name='Segment'>
    <input a0='P11' a1='P6'/>
    <output a0='p11p6'/>
</command>
<command name='Segment'>
    <input a0='P6' a1='P7'/>
    <output a0='p6p7'/>
</command>
<command name='Segment'>
    <input a0='P18' a1='P8'/>
    <output a0='p18p8'/>
</command>
<command name='Segment'>
    <input a0='P12' a1='P9'/>
    <output a0='p12p9'/>
</command>
<command name='Segment'>
    <input a0='P4' a1='P9'/>
    <output a0='p4p9'/>
</command>
<command name='Segment'>
    <input a0='P19' a1='P10'/>
    <output a0='p19p10'/>
</command>
<command name='Segment'>
    <input a0='P13' a1='P11'/>
    <output a0='p13p11'/>
</command>
<command name='Segment'>
    <input a0='P14' a1='P13'/>
    <output a0='p14p13'/>
</command>
<command name='Segment'>
    <input a0='P15' a1='P14'/>
    <output a0='p15p14'/>
</command>
<command name='Segment'>
    <input a0='P16' a1='P15'/>
    <output a0='p16p15'/>
</command>
<command name='Segment'>
    <input a0='P24' a1='P17'/>
    <output a0='p24p17'/>
</command>
<command name='Segment'>
    <input a0='P5' a1='P17'/>
    <output a0='p5p17'/>
</command>
<command name='Segment'>
    <input a0='P12' a1='P18'/>
    <output a0='p12p18'/>
</command>
<command name='Segment'>
    <input a0='P7' a1='P19'/>
    <output a0='p7p19'/>
</command>
<command name='Segment'>
    <input a0='P28' a1='P20'/>
    <output a0='p28p20'/>
</command>
<command name='Segment'>
    <input a0='P24' a1='P22'/>
    <output a0='p24p22'/>
</command>
<command name='Segment'>
    <input a0='P27' a1='P22'/>
    <output a0='p27p22'/>
</command>
<command name='Segment'>
    <input a0='P23' a1='P25'/>
    <output a0='p23p25'/>
</command>
<command name='Segment'>
    <input a0='P21' a1='P25'/>
    <output a0='p21p25'/>
</command>
<command name='Segment'>
    <input a0='P3' a1='P26'/>
    <output a0='p3p26'/>
</command>
    </construction>
</geogebra>
